Feature_Pair,0
Age,0.4199226502179286
Age Air_Pollution_Exposure,0.3261402136522387
Age Alcohol_Consumption,0.325825866306309
Age Depression_Level,0.32571766170930333
Age Income_Level,0.3246844677703671
Age Social_Engagement_Level,0.32455516820392466
Age Dietary_Habits,0.3244994665324494
Age Stress_Levels,0.32436615090614834
Age Sleep_Quality,0.32405585724773645
Age Physical_Activity_Level,0.3233672664435684
Age Gender_Male,0.29769292303054457
Age Urban_vs_Rural_Living_Urban,0.29655099381429295
Age Employment_Status_Retired,0.24655905596929892
Age Marital_Status_Widowed,0.2442946852124984
Age Marital_Status_Single,0.242369466334699
Age Smoking_Status_Former,0.2422890830549708
Age Employment_Status_Unemployed,0.24225900361985736
Age Smoking_Status_Never,0.24115483738484936
Age Family_History_of_Alzheimers_Yes,0.23582981603849923
Age Hypertension_Yes,0.23045913911123214
Age Cholesterol_Level,0.22623811231572388
Genetic_Risk_Factor_(APOE-ε4_allele)_Yes,0.19448417562931103
Age Diabetes_Yes,0.1926354737015067
Age Genetic_Risk_Factor_(APOE-ε4_allele)_Yes,0.18876563265288063
Physical_Activity_Level Genetic_Risk_Factor_(APOE-ε4_allele)_Yes,0.14998171852703326
Family_History_of_Alzheimers_Yes Genetic_Risk_Factor_(APOE-ε4_allele)_Yes,0.14840576659166416
Alcohol_Consumption Genetic_Risk_Factor_(APOE-ε4_allele)_Yes,0.14714081254927405
Stress_Levels Genetic_Risk_Factor_(APOE-ε4_allele)_Yes,0.14463418327790134
Dietary_Habits Genetic_Risk_Factor_(APOE-ε4_allele)_Yes,0.14407615305571436
Sleep_Quality Genetic_Risk_Factor_(APOE-ε4_allele)_Yes,0.143240213874799
Social_Engagement_Level Genetic_Risk_Factor_(APOE-ε4_allele)_Yes,0.14251919451728406
Depression_Level Genetic_Risk_Factor_(APOE-ε4_allele)_Yes,0.14221073559645125
Air_Pollution_Exposure Genetic_Risk_Factor_(APOE-ε4_allele)_Yes,0.14201503624819492
Income_Level Genetic_Risk_Factor_(APOE-ε4_allele)_Yes,0.14180767688403073
Family_History_of_Alzheimers_Yes,0.14088459604981676
Gender_Male Genetic_Risk_Factor_(APOE-ε4_allele)_Yes,0.1305149503492238
Genetic_Risk_Factor_(APOE-ε4_allele)_Yes Urban_vs_Rural_Living_Urban,0.12973434295053715
Employment_Status_Retired Genetic_Risk_Factor_(APOE-ε4_allele)_Yes,0.10780356264846024
Smoking_Status_Never Genetic_Risk_Factor_(APOE-ε4_allele)_Yes,0.1077268485661349
Marital_Status_Single Genetic_Risk_Factor_(APOE-ε4_allele)_Yes,0.10545854615105496
Stress_Levels Family_History_of_Alzheimers_Yes,0.1048901040889228
Marital_Status_Widowed Genetic_Risk_Factor_(APOE-ε4_allele)_Yes,0.10450255383757813
Smoking_Status_Former Genetic_Risk_Factor_(APOE-ε4_allele)_Yes,0.10389133177748058
Employment_Status_Unemployed Genetic_Risk_Factor_(APOE-ε4_allele)_Yes,0.10353528608080369
Physical_Activity_Level Family_History_of_Alzheimers_Yes,0.10295331592602444
Income_Level Family_History_of_Alzheimers_Yes,0.10133958073301445
Alcohol_Consumption Family_History_of_Alzheimers_Yes,0.10120883620302311
Sleep_Quality Family_History_of_Alzheimers_Yes,0.09978407702115617
Cholesterol_Level Genetic_Risk_Factor_(APOE-ε4_allele)_Yes,0.09942530024463297
Hypertension_Yes Genetic_Risk_Factor_(APOE-ε4_allele)_Yes,0.09885085085244662
Social_Engagement_Level Family_History_of_Alzheimers_Yes,0.09800047191212855
Dietary_Habits Family_History_of_Alzheimers_Yes,0.09778425472675929
Age Country_Australia,0.09746284035434179
Depression_Level Family_History_of_Alzheimers_Yes,0.09736549385469387
Age Country_France,0.09732065141180174
Air_Pollution_Exposure Family_History_of_Alzheimers_Yes,0.09717694539841902
Age Country_South_Africa,0.09689798990651648
Age Country_Spain,0.09659098138990142
Age Country_Russia,0.09633780515546274
Age Country_South_Korea,0.09626160892311762
Age Country_Brazil,0.09583194731821293
Age Country_Germany,0.09483631860642458
Age Country_Mexico,0.0942292605160478
Age Country_India,0.09392817899117398
Age Country_Saudi_Arabia,0.09310677775404501
Age Country_Canada,0.0928667213337211
Age Country_UK,0.09280575396449219
Age Country_Norway,0.09230204094862554
Age Country_China,0.0920651390062855
Age Country_Sweden,0.09011098740421505
Age Country_Italy,0.09006233231974242
Gender_Male Family_History_of_Alzheimers_Yes,0.08926114020567968
Family_History_of_Alzheimers_Yes Urban_vs_Rural_Living_Urban,0.08906600030135108
Age Country_Japan,0.08815688521826662
Age Country_USA,0.08754566396446893
Diabetes_Yes Genetic_Risk_Factor_(APOE-ε4_allele)_Yes,0.08081110232881658
Employment_Status_Retired Family_History_of_Alzheimers_Yes,0.07883837906829341
Marital_Status_Widowed Family_History_of_Alzheimers_Yes,0.07274890506758393
Hypertension_Yes Family_History_of_Alzheimers_Yes,0.07216304332045066
Smoking_Status_Never Family_History_of_Alzheimers_Yes,0.07076713793530638
Employment_Status_Unemployed Family_History_of_Alzheimers_Yes,0.07049072955938608
Smoking_Status_Former Family_History_of_Alzheimers_Yes,0.07047503424805471
Marital_Status_Single Family_History_of_Alzheimers_Yes,0.07039255438928146
Cholesterol_Level Family_History_of_Alzheimers_Yes,0.0616811935954653
Country_India Genetic_Risk_Factor_(APOE-ε4_allele)_Yes,0.05952528081258213
Country_Brazil Genetic_Risk_Factor_(APOE-ε4_allele)_Yes,0.05637390077147085
Country_Russia Genetic_Risk_Factor_(APOE-ε4_allele)_Yes,0.05595889849078781
Country_South_Africa Genetic_Risk_Factor_(APOE-ε4_allele)_Yes,0.054062129632201084
Country_Russia Family_History_of_Alzheimers_Yes,0.05223308724556526
Country_Mexico Genetic_Risk_Factor_(APOE-ε4_allele)_Yes,0.051732209255687715
Diabetes_Yes Family_History_of_Alzheimers_Yes,0.05122067716499581
Country_India Family_History_of_Alzheimers_Yes,0.05068212572927879
Country_South_Africa Family_History_of_Alzheimers_Yes,0.048173897670605446
Country_France Genetic_Risk_Factor_(APOE-ε4_allele)_Yes,0.04397828971289981
Country_Germany Genetic_Risk_Factor_(APOE-ε4_allele)_Yes,0.04360904395929552
Country_Russia,0.042794671601043256
Country_Mexico Family_History_of_Alzheimers_Yes,0.04227839419903504
Country_India,0.04203173362343297
Country_South_Korea Genetic_Risk_Factor_(APOE-ε4_allele)_Yes,0.04113631582386981
Country_Brazil Family_History_of_Alzheimers_Yes,0.04093294837865974
Stress_Levels Country_Russia,0.03917615798343056
Country_South_Africa,0.03833266735335927
Country_Saudi_Arabia Genetic_Risk_Factor_(APOE-ε4_allele)_Yes,0.03796238004899128
Country_USA Genetic_Risk_Factor_(APOE-ε4_allele)_Yes,0.037492530786244954
Country_Spain Genetic_Risk_Factor_(APOE-ε4_allele)_Yes,0.03552018037919343
Income_Level Country_Russia,0.03487243397454951
Country_Japan,-0.03469241511881039
Income_Level Country_India,0.0345277179054937
Country_Brazil,0.03429459244006456
Physical_Activity_Level Country_India,0.03382832704682296
Country_Canada,-0.033546648632112895
Country_China Genetic_Risk_Factor_(APOE-ε4_allele)_Yes,0.033421687202317585
Country_Sweden,-0.03312586004883179
Dietary_Habits Country_Russia,0.03310268458604039
Air_Pollution_Exposure Country_Russia,0.032917881249961145
Sleep_Quality Country_Russia,0.03280766220479696
Country_Mexico,0.03264473304837157
Depression_Level Country_Russia,0.03261083956370832
Air_Pollution_Exposure Country_India,0.03240566630489284
Depression_Level Country_South_Africa,0.031962093009014446
Country_Russia Gender_Male,0.031712343976917044
Dietary_Habits Country_India,0.031687880035373456
Country_Norway Genetic_Risk_Factor_(APOE-ε4_allele)_Yes,0.031425693097420104
Country_South_Korea Family_History_of_Alzheimers_Yes,0.031344078146981605
Depression_Level Country_India,0.03118465736937865
Country_Italy Genetic_Risk_Factor_(APOE-ε4_allele)_Yes,0.031168338046191787
Social_Engagement_Level Country_India,0.03070480269453365
Alcohol_Consumption Country_India,0.03069309230870571
Alcohol_Consumption Country_Russia,0.030684872785444153
Social_Engagement_Level Country_Brazil,0.03045931262996307
Country_India Urban_vs_Rural_Living_Urban,0.030270416389995686
Country_Japan Urban_vs_Rural_Living_Urban,-0.030080794372764817
Country_Saudi_Arabia Family_History_of_Alzheimers_Yes,0.030033348319195734
Dietary_Habits Country_Mexico,0.030027488889575543
Stress_Levels Country_India,0.02994768781981058
Country_India Gender_Male,0.02984672013926056
Stress_Levels Country_South_Africa,0.029783718664641027
Country_UK Genetic_Risk_Factor_(APOE-ε4_allele)_Yes,0.029769661557242342
Country_Norway,-0.029667281736017924
Physical_Activity_Level Country_Russia,0.02954011705839031
Sleep_Quality Country_South_Africa,0.029371730018947523
Dietary_Habits Country_South_Africa,0.029342438587229198
Social_Engagement_Level Country_South_Africa,0.029262800369782262
Sleep_Quality Country_India,0.029192373357090105
Social_Engagement_Level Country_Canada,-0.028987520725785487
Country_South_Africa Hypertension_Yes,0.028977908779070242
Social_Engagement_Level Country_Russia,0.028918449757847783
Country_Russia Urban_vs_Rural_Living_Urban,0.028757143004243292
Country_Japan Genetic_Risk_Factor_(APOE-ε4_allele)_Yes,0.02875234647596285
Physical_Activity_Level Country_Mexico,0.02871810327293799
Air_Pollution_Exposure Country_South_Africa,0.02837990948362357
Dietary_Habits Country_Japan,-0.028284774627896865
Income_Level Country_Canada,-0.02814848645783352
Sleep_Quality Country_Brazil,0.028144732785394765
Physical_Activity_Level Country_South_Africa,0.027912427481090598
Alcohol_Consumption Country_Japan,-0.027762536798198224
Sleep_Quality Country_Japan,-0.02773333186581915
Depression_Level Country_Canada,-0.02769425750791471
Income_Level Country_Japan,-0.02762932108072694
Stress_Levels Country_Canada,-0.02758929653347036
Social_Engagement_Level Country_Japan,-0.027383511989238163
Country_Sweden Genetic_Risk_Factor_(APOE-ε4_allele)_Yes,0.02737231039096374
Country_Germany Family_History_of_Alzheimers_Yes,0.027099303641640413
Dietary_Habits Country_Canada,-0.026837536016179404
Sleep_Quality Country_Sweden,-0.02676119435127916
Country_Australia Genetic_Risk_Factor_(APOE-ε4_allele)_Yes,0.026672318177799352
Stress_Levels Country_Mexico,0.026494200790632888
Sleep_Quality Country_Canada,-0.026412603429656005
Country_South_Africa Smoking_Status_Former,0.026409497634576937
Depression_Level Country_Mexico,0.026321474043732855
Country_Russia Marital_Status_Single,0.026243036869899383
Country_South_Africa Gender_Male,0.026206933371987064
Income_Level Country_Brazil,0.026137218808941882
Dietary_Habits Country_Sweden,-0.02600799302586752
Stress_Levels Country_Sweden,-0.026004725840484456
Country_Australia Family_History_of_Alzheimers_Yes,0.02588492769214115
Alcohol_Consumption Country_South_Africa,0.0258843781718303
Income_Level Country_Sweden,-0.025859972562102283
Country_India Employment_Status_Unemployed,0.025705325124185673
Income_Level Country_Mexico,0.025625451965130223
Alcohol_Consumption Country_Brazil,0.025605882025579077
Country_Italy Family_History_of_Alzheimers_Yes,0.025488734238831544
Air_Pollution_Exposure Country_Japan,-0.02543810828329971
Country_India Marital_Status_Widowed,0.025319599450277383
Physical_Activity_Level Country_Japan,-0.025317622987785907
Depression_Level Country_Sweden,-0.025291492870158288
Country_Russia Hypertension_Yes,0.02528244219721586
Alcohol_Consumption Country_Mexico,0.02527247837780879
Physical_Activity_Level Country_Canada,-0.025239909298633213
Alcohol_Consumption Country_Canada,-0.025153786652797366
Country_India Employment_Status_Retired,0.02509129161957871
Air_Pollution_Exposure Country_Canada,-0.02501461416798699
Country_South_Africa Marital_Status_Single,0.02488615381493713
Country_France Family_History_of_Alzheimers_Yes,0.024815619701638102
Physical_Activity_Level Country_Sweden,-0.02481389827986966
Depression_Level Country_Brazil,0.024799733896008445
Dietary_Habits Country_Brazil,0.02472859310317828
Cholesterol_Level Country_India,0.024607681723354105
Cholesterol_Level Country_Russia,0.024593801759566207
Social_Engagement_Level Country_Sweden,-0.024539040698668888
Country_Mexico Gender_Male,0.02445814209060661
Country_Japan Gender_Male,-0.02443196866480419
Air_Pollution_Exposure Country_Mexico,0.024385332851054018
Air_Pollution_Exposure Country_Sweden,-0.024302082029229406
Physical_Activity_Level Country_Brazil,0.0241389020710194
Alcohol_Consumption Country_Sweden,-0.02412652890608931
Country_South_Africa Smoking_Status_Never,0.024027651696602755
Country_India Marital_Status_Single,0.024025758028175203
Country_Russia Smoking_Status_Former,0.024009745742929234
Depression_Level Country_Japan,-0.023976030231168354
Income_Level Country_South_Africa,0.023959479230855497
Income_Level Country_Norway,-0.023890271059741706
Stress_Levels Country_Japan,-0.023782405562966083
Country_Canada Urban_vs_Rural_Living_Urban,-0.023688340619673086
Country_South_Africa Urban_vs_Rural_Living_Urban,0.02366733003220525
Depression_Level Country_Norway,-0.023618247256469098
Air_Pollution_Exposure Country_Norway,-0.02355425923573704
Country_Canada Marital_Status_Single,-0.023476257496086676
Country_Mexico Urban_vs_Rural_Living_Urban,0.023473216419719167
Country_India Smoking_Status_Never,0.023408768256361345
Country_Russia Employment_Status_Retired,0.023372013591756197
Social_Engagement_Level Country_Norway,-0.02314549366698244
Country_Brazil Urban_vs_Rural_Living_Urban,0.023098915048688308
Country_Russia Employment_Status_Unemployed,0.02284819193287758
Alcohol_Consumption Country_Norway,-0.022736252716804642
Country_Canada Gender_Male,-0.02264779135608447
Country_Russia Marital_Status_Widowed,0.022575534798185602
Country_Spain Family_History_of_Alzheimers_Yes,0.022108520136721637
Country_Sweden Smoking_Status_Never,-0.022004596594193064
Physical_Activity_Level Country_Norway,-0.02200211256165177
Country_India Smoking_Status_Former,0.021931228262797246
Country_Mexico Marital_Status_Widowed,0.021889609568853725
Air_Pollution_Exposure Country_Brazil,0.021841534055582323
Dietary_Habits Country_Norway,-0.021837359229413402
Country_Brazil Gender_Male,0.021767489593734927
Country_Sweden Hypertension_Yes,-0.021752956288005592
Country_Sweden Marital_Status_Single,-0.02172001215976793
Sleep_Quality Country_Mexico,0.021707163041784598
Country_Sweden Urban_vs_Rural_Living_Urban,-0.021667743155935556
Country_Brazil Smoking_Status_Never,0.021585063378630216
Country_India Hypertension_Yes,0.021571892203730392
Country_UK Family_History_of_Alzheimers_Yes,0.021559176673621727
Country_Brazil Employment_Status_Unemployed,0.02155348661815216
Country_Russia Diabetes_Yes,0.021464870973348243
Country_Sweden Gender_Male,-0.021185715470039265
Country_Brazil Employment_Status_Retired,0.021027743136172443
Country_Norway Urban_vs_Rural_Living_Urban,-0.020707854864205143
Country_South_Africa Employment_Status_Retired,0.020625635460761405
Country_Russia Smoking_Status_Never,0.020518141597890328
Social_Engagement_Level Country_Mexico,0.02051387788154977
Stress_Levels Country_Brazil,0.02045351763231137
Country_Sweden Smoking_Status_Former,-0.020390306930715908
Country_Mexico Marital_Status_Single,0.0203651430141848
Cholesterol_Level Country_Canada,-0.020346573061045228
Country_Japan Marital_Status_Widowed,-0.020341508299897264
Country_Canada Genetic_Risk_Factor_(APOE-ε4_allele)_Yes,0.0202118626580918
Country_Norway Gender_Male,-0.020170555682009768
Stress_Levels Country_Norway,-0.020134748654047782
Country_Japan Marital_Status_Single,-0.020083461573726806
Country_Canada Employment_Status_Unemployed,-0.020075318169738492
Country_Norway Marital_Status_Single,-0.01992176351858249
Cholesterol_Level Country_South_Africa,0.019910879486725673
Country_Brazil Smoking_Status_Former,0.019846160584272292
Country_Japan Hypertension_Yes,-0.01984228655429344
Cholesterol_Level Country_Japan,-0.019795233520974072
Country_Sweden Employment_Status_Retired,-0.019567556152025285
Country_South_Africa Marital_Status_Widowed,0.019389975929961178
Country_Japan Employment_Status_Unemployed,-0.01927133314400565
Country_Mexico Smoking_Status_Former,0.019092761478411074
Country_Japan Employment_Status_Retired,-0.019059596097886496
Country_Norway Employment_Status_Unemployed,-0.01862306496586582
Country_Mexico Smoking_Status_Never,0.018462108519115516
Country_South_Africa Employment_Status_Unemployed,0.01844882648249224
Country_Canada Smoking_Status_Never,-0.01814332378368401
Sleep_Quality Country_Norway,-0.018088115393816155
Country_Japan Smoking_Status_Former,-0.01783043702652163
Country_China Family_History_of_Alzheimers_Yes,0.017813361709560185
Country_Norway Smoking_Status_Never,-0.01777500295893252
Country_Mexico Employment_Status_Unemployed,0.017427247742703832
Country_Canada Employment_Status_Retired,-0.01738964194605403
Country_Norway Smoking_Status_Former,-0.01732883411220315
Cholesterol_Level Country_Norway,-0.017065485211758803
Country_Sweden Employment_Status_Unemployed,-0.01697598990900214
Country_Mexico Employment_Status_Retired,0.016961226905021734
Country_Canada Diabetes_Yes,-0.01690954579449935
Country_Canada Smoking_Status_Former,-0.01689479180590371
Country_USA Family_History_of_Alzheimers_Yes,0.01687982184158833
Country_Mexico Hypertension_Yes,0.016715304868722927
Country_Brazil Marital_Status_Widowed,0.01661528484632577
Country_Brazil Marital_Status_Single,0.01655702840411531
Country_Sweden Marital_Status_Widowed,-0.01644055771503802
Country_Norway Employment_Status_Retired,-0.016381436230509496
Country_Mexico Diabetes_Yes,0.01603843297967396
Country_Japan Diabetes_Yes,-0.016032118374790315
Country_Sweden Diabetes_Yes,-0.015852366752401356
Country_Norway Marital_Status_Widowed,-0.015847305999677326
Country_Canada Hypertension_Yes,-0.015605830912770409
Cholesterol_Level Country_Mexico,0.015483684833632778
Cholesterol_Level Country_Brazil,0.01485784232364044
Country_Canada Marital_Status_Widowed,-0.014638794574589359
Cholesterol_Level Country_Sweden,-0.01431671947910271
Depression_Level Country_USA,-0.013884709234299858
Country_Brazil Hypertension_Yes,0.013819379033065451
Country_Norway Diabetes_Yes,-0.013769179387359807
Country_India Diabetes_Yes,0.013491027262301723
Country_Norway Hypertension_Yes,-0.013014540612231259
Country_Japan Smoking_Status_Never,-0.012475808707652336
Country_China,-0.012379667254477977
Air_Pollution_Exposure Country_USA,-0.012110823341239006
BMI Country_Russia,0.011691429570795728
Country_USA,-0.011441610880517422
Country_South_Africa Diabetes_Yes,0.01116241167014839
Dietary_Habits Country_USA,-0.01112799807095072
Social_Engagement_Level Country_China,-0.010958936857732512
Depression_Level Country_China,-0.010835614898304008
Country_China Hypertension_Yes,-0.010615642527286723
Dietary_Habits Country_Italy,-0.010521075678994163
Dietary_Habits Country_China,-0.010251145446328672
Income_Level Country_China,-0.00956168608536928
Sleep_Quality Country_China,-0.009522579798639057
Country_China Marital_Status_Single,-0.009518213585173758
Air_Pollution_Exposure Country_Italy,-0.009450936392383646
Country_China Employment_Status_Retired,-0.009419639080492198
Country_Italy,-0.009360635125386034
Education_Level Family_History_of_Alzheimers_Yes,0.009338329561537378
Country_USA Marital_Status_Widowed,-0.009330027084469132
Country_China Gender_Male,-0.009319988015768416
Air_Pollution_Exposure Country_China,-0.00921642309906762
Cholesterol_Level Country_China,-0.009156439382807868
Social_Engagement_Level Country_USA,-0.009143133146912496
Country_USA Smoking_Status_Never,-0.009025005085756472
Country_Spain Employment_Status_Unemployed,-0.008871292209352177
Country_USA Employment_Status_Unemployed,-0.008840673140087312
Alcohol_Consumption Country_China,-0.008802903955625118
Country_Italy Smoking_Status_Former,-0.008720000131378983
Income_Level Marital_Status_Widowed,-0.008662719357117182
Income_Level Country_Italy,-0.00863953763822271
Country_USA Gender_Male,-0.008607164656528334
Physical_Activity_Level Smoking_Status_Never,0.008596045468595354
Employment_Status_Retired Gender_Male,0.008340194198716401
Physical_Activity_Level Country_China,-0.00818152474004202
Cognitive_Test_Score Country_UK,-0.008077456291262216
Country_Spain Urban_vs_Rural_Living_Urban,-0.008045907247235608
Country_Sweden Family_History_of_Alzheimers_Yes,0.007964479653451133
Country_Italy Urban_vs_Rural_Living_Urban,-0.007850952287030503
Country_Spain Hypertension_Yes,-0.007826672525079476
Country_China Urban_vs_Rural_Living_Urban,-0.007823534939756148
Stress_Levels Smoking_Status_Never,0.0078110205162075464
BMI Country_India,-0.0077870299080817175
Sleep_Quality Country_France,-0.007639777607781703
Social_Engagement_Level Country_Italy,-0.007546076104519172
Country_France Marital_Status_Widowed,-0.007529314931698761
Country_USA Hypertension_Yes,-0.007494331329924774
Country_China Marital_Status_Widowed,-0.007445450654294115
Country_USA Employment_Status_Retired,-0.007401733106012816
Income_Level Country_USA,-0.007345967124540322
Stress_Levels Country_USA,-0.007308485088707425
Country_France Smoking_Status_Former,-0.007273863043479401
Air_Pollution_Exposure Urban_vs_Rural_Living_Urban,-0.0072735717088635585
Country_Japan Family_History_of_Alzheimers_Yes,0.007127432898269657
Education_Level Alcohol_Consumption,0.007020326916911043
Cholesterol_Level Country_Italy,-0.006970604589528933
Stress_Levels Country_UK,-0.006966264799979444
Dietary_Habits Country_Australia,-0.006928827208576727
Country_Brazil Diabetes_Yes,0.006924792163732283
Marital_Status_Widowed Hypertension_Yes,0.0068374300510210505
Depression_Level Country_France,-0.006750439520973218
BMI Genetic_Risk_Factor_(APOE-ε4_allele)_Yes,-0.00674137519857245
Education_Level Stress_Levels,0.00663162088779633
Physical_Activity_Level Country_USA,-0.006611429582964278
Dietary_Habits Country_Germany,-0.006610484123126823
Country_South_Korea Diabetes_Yes,0.006610040071874908
Country_Italy Hypertension_Yes,-0.006608485578515738
Country_Norway Family_History_of_Alzheimers_Yes,0.006587881680331688
Country_China Smoking_Status_Former,-0.006580859162105787
Education_Level Hypertension_Yes,0.006473147412810952
Country_Germany Marital_Status_Widowed,-0.006375167169463487
Country_USA Urban_vs_Rural_Living_Urban,-0.006330987314849228
Country_Spain,-0.0062809754115218126
Sleep_Quality Country_USA,-0.006264844325735313
Air_Pollution_Exposure Country_Australia,-0.006254992326880262
Physical_Activity_Level Country_Italy,-0.00623105490922238
Air_Pollution_Exposure Country_Spain,-0.006222659750684492
Country_Australia Smoking_Status_Former,-0.006203183616839172
Dietary_Habits Country_France,-0.006146448676522324
Country_Germany Employment_Status_Unemployed,0.006092395311122634
Country_USA Marital_Status_Single,-0.00607976185207897
Country_UK Smoking_Status_Never,-0.006063948140004672
Country_UK Hypertension_Yes,-0.006020399323518747
Country_France,-0.006015521238974755
Country_China Diabetes_Yes,-0.005989103751781574
Country_Australia Urban_vs_Rural_Living_Urban,-0.0059575283656642655
Stress_Levels Country_China,-0.005888676381151068
Country_China Smoking_Status_Never,-0.005832177866028656
Country_Spain Diabetes_Yes,-0.0058259532470800205
Country_Germany Smoking_Status_Never,-0.005777798553648866
Air_Pollution_Exposure Smoking_Status_Never,0.005766760565076578
Cognitive_Test_Score Country_India,-0.00573703110947978
Dietary_Habits Employment_Status_Retired,0.005716436501814684
Country_South_Korea Marital_Status_Widowed,0.005631149305058228
Education_Level Country_Mexico,0.005621690240787387
Education_Level Marital_Status_Widowed,0.005596061771305773
Alcohol_Consumption Country_USA,-0.005592850976334022
BMI Country_USA,0.0055412469749956
Stress_Levels Country_France,-0.00553949189658513
Education_Level Diabetes_Yes,-0.0055389824022084744
Cholesterol_Level Country_UK,-0.005508856467971482
Alcohol_Consumption Country_Italy,-0.005443344305484988
Stress_Levels Country_Australia,-0.005397010496201459
Country_France Urban_vs_Rural_Living_Urban,-0.005392084920366931
Country_Spain Smoking_Status_Former,-0.005342908757614974
BMI Country_Saudi_Arabia,-0.005327994870420587
Country_USA Diabetes_Yes,-0.005325128015785069
Country_Italy Gender_Male,-0.005297569400733377
Cognitive_Test_Score Marital_Status_Single,-0.005248746716526344
Education_Level Country_Germany,0.005210318869750346
Country_China Employment_Status_Unemployed,-0.005125256072600898
Physical_Activity_Level Country_UK,-0.0051162734104575796
Air_Pollution_Exposure Diabetes_Yes,-0.005112637388950106
Depression_Level Country_Australia,-0.005094138030969013
Social_Engagement_Level Country_Spain,-0.0050932755107536915
Air_Pollution_Exposure Country_Germany,-0.00508700869677857
Country_Australia,-0.005066998997030243
Physical_Activity_Level Country_Spain,-0.005038042392056385
Education_Level Country_Australia,-0.004990774564101641
Alcohol_Consumption Employment_Status_Unemployed,0.004980897858754562
Education_Level Country_South_Africa,0.004927618793567277
Education_Level Smoking_Status_Former,0.004912241989416336
Country_Italy Marital_Status_Single,-0.004905507032046417
Alcohol_Consumption Depression_Level,0.004894475396323183
Sleep_Quality Country_Italy,-0.004885952581325119
Air_Pollution_Exposure Employment_Status_Retired,0.004884707213827086
Physical_Activity_Level Country_Australia,-0.004871227167352211
Country_Canada Family_History_of_Alzheimers_Yes,0.00485814540749117
Country_Spain Marital_Status_Single,-0.004850818192426164
Country_Australia Employment_Status_Unemployed,-0.0048460519009042614
Stress_Levels Employment_Status_Retired,0.004820889533322172
Air_Pollution_Exposure Social_Engagement_Level,-0.004819240319060074
Alcohol_Consumption Country_UK,-0.004781500748418142
BMI Country_UK,0.004727623337021542
Employment_Status_Retired,0.004721465498620535
Country_UK Employment_Status_Retired,-0.0047105788888976005
Sleep_Quality Country_Spain,-0.004674155131201032
Sleep_Quality Air_Pollution_Exposure,-0.004673850011713281
Income_Level Country_France,-0.004673366442446687
Sleep_Quality Stress_Levels,0.004666540091085994
Social_Engagement_Level Stress_Levels,0.004654927664349534
Air_Pollution_Exposure Smoking_Status_Former,-0.0046181709645761035
Air_Pollution_Exposure Employment_Status_Unemployed,-0.004581471932637368
Education_Level Income_Level,0.004553055718471078
BMI Country_Canada,-0.004527764748873694
Alcohol_Consumption Sleep_Quality,0.004514085120867611
Country_UK,-0.00449413188656423
Marital_Status_Single Hypertension_Yes,-0.004462006235367139
Education_Level Country_China,0.004461820296741
Country_Italy Marital_Status_Widowed,-0.004460534735616811
Stress_Levels Country_Italy,-0.004443181845687462
Education_Level Dietary_Habits,0.004413462091697625
Education_Level Cognitive_Test_Score,0.00440849419332979
Depression_Level Diabetes_Yes,-0.0043955740968712196
Air_Pollution_Exposure Country_France,-0.004394629230954214
Stress_Levels,0.004393088560286383
Income_Level Country_UK,-0.004381711026665669
Dietary_Habits,-0.004363837936798508
Employment_Status_Unemployed Urban_vs_Rural_Living_Urban,-0.004361100671531009
Social_Engagement_Level Urban_vs_Rural_Living_Urban,-0.004341874883628935
Education_Level Employment_Status_Retired,0.004314738098935508
Dietary_Habits Income_Level,-0.004289015522853146
Smoking_Status_Never Hypertension_Yes,0.004246695797135084
Country_Spain Marital_Status_Widowed,-0.004229557300482719
Country_Italy Employment_Status_Unemployed,-0.004215707780398592
Stress_Levels Employment_Status_Unemployed,0.004198370156622354
Dietary_Habits Marital_Status_Single,-0.004195988778470094
Social_Engagement_Level Country_South_Korea,-0.0041873927735834645
Country_Germany Gender_Male,-0.0041708376271200895
Country_Germany Diabetes_Yes,0.004147415578130215
BMI Cognitive_Test_Score,-0.00411241250329903
Cognitive_Test_Score Smoking_Status_Former,0.0041052117375063755
Urban_vs_Rural_Living_Urban,-0.004104451495038477
BMI Country_South_Korea,-0.00408809644888265
Dietary_Habits Marital_Status_Widowed,-0.004069557272528675
BMI Urban_vs_Rural_Living_Urban,-0.004063262177643888
Air_Pollution_Exposure Country_South_Korea,0.004030440004054158
Depression_Level Country_Saudi_Arabia,0.004028532299592387
Country_Australia Hypertension_Yes,-0.004018496805156637
Cholesterol_Level Smoking_Status_Never,0.00399885082149402
Air_Pollution_Exposure,-0.0039948041508483904
Social_Engagement_Level Country_Australia,-0.003978543595501843
Cholesterol_Level Country_France,-0.003976316800625699
Smoking_Status_Never Gender_Male,0.003958897261874666
Physical_Activity_Level Smoking_Status_Former,-0.0039455290309398355
Sleep_Quality Country_Australia,-0.00393393628939354
Marital_Status_Single Diabetes_Yes,-0.003917825168717764
Alcohol_Consumption Smoking_Status_Never,0.0039131844711376585
Air_Pollution_Exposure Income_Level,-0.0039002642736481598
Cognitive_Test_Score Diabetes_Yes,-0.0038759081042299645
Alcohol_Consumption Social_Engagement_Level,-0.003855999791412449
Smoking_Status_Never,0.003829063845679712
Stress_Levels Hypertension_Yes,0.0038164818128031144
Sleep_Quality Country_UK,-0.0038106523800650162
Dietary_Habits Country_UK,-0.0038006122225024337
Income_Level Employment_Status_Unemployed,0.0037850315458210805
Cholesterol_Level Country_Saudi_Arabia,0.003772674595533878
BMI Country_Spain,-0.003746890784690249
Education_Level,0.003732189833564202
Depression_Level Social_Engagement_Level,-0.0037320471137493737
BMI Country_Mexico,-0.003721035640906739
Cholesterol_Level Depression_Level,-0.003683821737170633
Smoking_Status_Never Employment_Status_Retired,0.003653706471605443
Depression_Level Income_Level,0.0036409053132422874
Alcohol_Consumption Income_Level,0.0036267907950687014
Depression_Level Gender_Male,-0.0036159133279443406
Cholesterol_Level Smoking_Status_Former,-0.0036155493761501167
Employment_Status_Retired Hypertension_Yes,0.0036072309755853034
Country_France Diabetes_Yes,-0.0035878217878266986
Alcohol_Consumption Marital_Status_Single,-0.003572420225777779
BMI Country_Norway,-0.0035606310127023278
Country_Italy Diabetes_Yes,-0.0035475935309114124
Country_USA Smoking_Status_Former,-0.003524380271267158
Smoking_Status_Former Hypertension_Yes,-0.0035079419233729134
Cognitive_Test_Score Country_Japan,0.0034965282224612023
Country_South_Korea Employment_Status_Retired,0.0034895855017876604
Education_Level Country_South_Korea,-0.003489033629224838
Cognitive_Test_Score Country_Mexico,0.00347641588352288
Depression_Level Country_Italy,-0.003473923688723631
Education_Level Social_Engagement_Level,0.003451259833371443
Alcohol_Consumption Stress_Levels,0.0034369392477254564
Cognitive_Test_Score Country_Canada,0.0034141583324908045
Cognitive_Test_Score Country_France,0.0034130489349006783
Air_Pollution_Exposure Marital_Status_Single,-0.0034031462994525024
Sleep_Quality Employment_Status_Retired,0.00339338721766685
Education_Level Country_India,0.003382142773973645
Cognitive_Test_Score Urban_vs_Rural_Living_Urban,0.0033591103932067838
BMI Family_History_of_Alzheimers_Yes,-0.003352908180355054
Depression_Level Marital_Status_Single,-0.003340859416030969
Social_Engagement_Level Country_France,-0.0033401003094881824
Physical_Activity_Level Employment_Status_Unemployed,0.0033397074501919474
Dietary_Habits Hypertension_Yes,-0.0033018189361315084
Country_Saudi_Arabia Marital_Status_Single,-0.003292503191002209
Sleep_Quality Employment_Status_Unemployed,0.003286656476467501
Physical_Activity_Level Stress_Levels,0.00328648889189206
Cognitive_Test_Score Country_Italy,0.0032734151868527637
Social_Engagement_Level Smoking_Status_Former,-0.003273292134496216
Dietary_Habits Urban_vs_Rural_Living_Urban,-0.003244949295717514
Cognitive_Test_Score Employment_Status_Unemployed,-0.0032118639097683307
BMI Country_China,-0.0031866151490679796
Physical_Activity_Level Marital_Status_Single,-0.003169334505060244
Cholesterol_Level Income_Level,-0.003163603150014464
Depression_Level Smoking_Status_Never,0.0031212786574179256
Air_Pollution_Exposure Hypertension_Yes,-0.0031169237652305796
Physical_Activity_Level Country_South_Korea,0.0031103141471272
Cognitive_Test_Score Country_Germany,0.0031021572837498517
BMI Depression_Level,-0.0030964770946298494
Cognitive_Test_Score Country_Spain,0.003090526740793797
Marital_Status_Single Urban_vs_Rural_Living_Urban,-0.003076011172896074
Country_Spain Gender_Male,-0.003061463806520858
Depression_Level Employment_Status_Retired,0.003057485653503133
Cognitive_Test_Score Hypertension_Yes,0.003053036375821301
Cognitive_Test_Score Depression_Level,-0.003014164601744355
Employment_Status_Retired Urban_vs_Rural_Living_Urban,0.003013953811783091
Cholesterol_Level Country_Spain,-0.0030067187301194044
Social_Engagement_Level,-0.003002690791891999
Stress_Levels Smoking_Status_Former,-0.0029865750975484103
Cholesterol_Level Country_Australia,-0.0029800892940795272
Dietary_Habits Social_Engagement_Level,-0.0029764182365113524
Cognitive_Test_Score Country_China,-0.0029483640750673683
Education_Level Marital_Status_Single,0.0029249152551939273
Cognitive_Test_Score Alcohol_Consumption,0.0029181535577638518
Cognitive_Test_Score Air_Pollution_Exposure,-0.002888622030555839
Dietary_Habits Employment_Status_Unemployed,-0.00286061757207868
Country_Italy Employment_Status_Retired,-0.0028604208378981383
Physical_Activity_Level Employment_Status_Retired,0.002854574364446697
Diabetes_Yes Urban_vs_Rural_Living_Urban,-0.0027813617194894042
Alcohol_Consumption Country_Spain,-0.0027758542871652698
Employment_Status_Retired Marital_Status_Widowed,0.0027661004956116503
Education_Level Gender_Male,0.0027344803704828506
Depression_Level Country_South_Korea,-0.0027178623874423487
Stress_Levels Gender_Male,0.002716046418001112
Physical_Activity_Level Cholesterol_Level,0.0027048287116185976
Country_Saudi_Arabia Gender_Male,-0.0026842887033122187
Diabetes_Yes,-0.002672541917582471
Country_Australia Employment_Status_Retired,0.0026722492276526674
Country_South_Korea Hypertension_Yes,-0.0026532771193365106
Education_Level Country_Brazil,-0.00264183435838072
Cholesterol_Level Sleep_Quality,-0.0026274436512819846
Country_Australia Gender_Male,-0.0026256051555669764
Country_France Employment_Status_Unemployed,-0.002613679256129257
Employment_Status_Unemployed Marital_Status_Widowed,0.0026127337539445087
Depression_Level Country_Spain,-0.0026078823209645294
Education_Level Country_USA,0.002596709958499027
Physical_Activity_Level Marital_Status_Widowed,0.0025964976643672766
Social_Engagement_Level Hypertension_Yes,0.002591326938643192
Cholesterol_Level Social_Engagement_Level,-0.0025406846315283033
Dietary_Habits Air_Pollution_Exposure,-0.0025391980575825966
Dietary_Habits Diabetes_Yes,-0.0025353581282438714
Physical_Activity_Level Income_Level,0.0025119501575604415
Depression_Level Dietary_Habits,-0.0025086348685659544
Stress_Levels Marital_Status_Widowed,0.0024858490328051666
Cognitive_Test_Score Smoking_Status_Never,-0.0024803120346318154
Cholesterol_Level Air_Pollution_Exposure,-0.0024758943949020227
Education_Level Genetic_Risk_Factor_(APOE-ε4_allele)_Yes,-0.0024623905395121733
BMI Country_South_Africa,0.0024620675001779118
Cholesterol_Level Country_USA,-0.0024577686923721565
Education_Level Sleep_Quality,0.0024574354745087166
Country_Germany Employment_Status_Retired,-0.002454554290376563
Air_Pollution_Exposure Marital_Status_Widowed,-0.0024503156395099222
Alcohol_Consumption Diabetes_Yes,-0.0024307703794028816
Physical_Activity_Level Country_France,-0.002427457684831176
Education_Level Physical_Activity_Level,0.002363912957852094
Income_Level Urban_vs_Rural_Living_Urban,-0.002362299665649923
Cholesterol_Level Country_South_Korea,0.00236094629504059
Depression_Level Sleep_Quality,0.0023593595721627648
Physical_Activity_Level,0.002310429974491889
BMI Income_Level,0.0023061432997705626
Country_South_Korea Urban_vs_Rural_Living_Urban,0.002297082682597599
Country_UK Marital_Status_Widowed,-0.002289884324136571
Depression_Level Air_Pollution_Exposure,-0.002288177798336059
Income_Level Country_Australia,-0.0022849619846222594
Smoking_Status_Never Marital_Status_Single,0.002280102931710714
Social_Engagement_Level Country_Germany,0.0022664148606181497
Sleep_Quality Marital_Status_Widowed,-0.002199213795600484
Education_Level Cholesterol_Level,0.002190064921721152
BMI Country_Sweden,0.002167113636420621
Country_Germany Smoking_Status_Former,0.002156907004283245
Alcohol_Consumption Country_Australia,-0.0021527841265678873
Depression_Level Urban_vs_Rural_Living_Urban,-0.002128304468489162
Income_Level Employment_Status_Retired,0.0021165371009924357
Country_South_Korea Smoking_Status_Former,-0.0021142414159508465
Physical_Activity_Level Depression_Level,0.0021134752826000368
Cognitive_Test_Score Marital_Status_Widowed,-0.0021132650557618756
Air_Pollution_Exposure Gender_Male,-0.0021079936145736197
Cholesterol_Level,-0.002103767358180021
Employment_Status_Unemployed Diabetes_Yes,-0.002086699035055033
Cognitive_Test_Score Dietary_Habits,-0.0020384853470703174
Income_Level Country_Spain,-0.00203767092817513
Cognitive_Test_Score Stress_Levels,-0.0020238427745690214
Country_Spain Employment_Status_Retired,0.0020062845547755264
Stress_Levels Country_Saudi_Arabia,0.0019940700758894
Income_Level Diabetes_Yes,-0.00197223853765611
BMI Stress_Levels,0.001957682442896183
Air_Pollution_Exposure Country_UK,-0.0018854579842955766
Cognitive_Test_Score Country_South_Korea,-0.0018661164182680935
Country_UK Marital_Status_Single,-0.0018631595712122091
Cognitive_Test_Score Country_Brazil,-0.0018514276502696336
Country_UK Gender_Male,-0.0018343038280837112
Education_Level Country_Japan,-0.0018307227423292353
BMI Country_Australia,-0.0018108487322245994
Education_Level Urban_vs_Rural_Living_Urban,0.001808911774752146
Alcohol_Consumption,0.001790054927921838
Alcohol_Consumption Country_France,-0.0017862874991828104
Education_Level Country_Norway,-0.0017826387468645372
Sleep_Quality Gender_Male,-0.001759259736296059
Cholesterol_Level Country_Germany,-0.0017466810290407992
Depression_Level Smoking_Status_Former,-0.0017459636081236633
Physical_Activity_Level Country_Saudi_Arabia,-0.0017336733162977922
BMI Smoking_Status_Former,-0.0017199475164737523
BMI,-0.0017026436506842398
BMI Employment_Status_Unemployed,-0.0016941991925872432
Cholesterol_Level Urban_vs_Rural_Living_Urban,0.0016914000668273625
Physical_Activity_Level Sleep_Quality,-0.0016855403056542436
Cognitive_Test_Score Sleep_Quality,-0.001678156936481265
Social_Engagement_Level Country_Saudi_Arabia,-0.0016561937004728404
Country_Australia Marital_Status_Single,-0.0016485319084797953
Smoking_Status_Former Marital_Status_Single,-0.0016430442464256277
Physical_Activity_Level Gender_Male,0.00161931437527277
Cognitive_Test_Score Family_History_of_Alzheimers_Yes,-0.0016025508405236436
Income_Level Stress_Levels,0.0015991343307281286
Sleep_Quality Smoking_Status_Never,0.001593934822132068
Smoking_Status_Former Urban_vs_Rural_Living_Urban,-0.0015729798147970007
Cognitive_Test_Score Income_Level,0.0015431182726260901
BMI Marital_Status_Single,-0.0015419356167693332
Alcohol_Consumption Gender_Male,0.0015384565049154537
Social_Engagement_Level Employment_Status_Retired,0.0015300593191030709
Marital_Status_Widowed Diabetes_Yes,0.0015259860963322115
Stress_Levels Country_Spain,-0.0015113841427469835
BMI Country_Brazil,-0.0015111654784834261
Smoking_Status_Never Employment_Status_Unemployed,0.0015053840763735776
Stress_Levels Marital_Status_Single,-0.001489190820956761
Alcohol_Consumption Country_Saudi_Arabia,0.0014728588735523653
BMI Air_Pollution_Exposure,0.0014723870503856045
Country_Saudi_Arabia Employment_Status_Retired,0.0014663550045968684
Depression_Level Marital_Status_Widowed,0.0014534297354430472
Depression_Level Country_Germany,-0.0014313006580049762
Alcohol_Consumption Air_Pollution_Exposure,-0.0014270486719221676
Country_Germany Urban_vs_Rural_Living_Urban,-0.0014242527448586973
BMI Sleep_Quality,-0.0014087758399722809
Education_Level Country_France,0.0014042981371131464
Country_Saudi_Arabia Smoking_Status_Never,0.001397873060635458
Alcohol_Consumption Country_South_Korea,0.0013941321728246998
Dietary_Habits Gender_Male,-0.0013920163861218294
Cognitive_Test_Score Country_Australia,-0.0013914863255685443
Alcohol_Consumption Urban_vs_Rural_Living_Urban,-0.001389454244983148
Country_Saudi_Arabia Marital_Status_Widowed,0.0013822928127566025
Country_UK Employment_Status_Unemployed,0.0013806603070812254
Alcohol_Consumption Cholesterol_Level,0.0013787759081919696
Air_Pollution_Exposure Country_Saudi_Arabia,0.0013771146902713648
Gender_Male,0.0013639332994757004
Alcohol_Consumption Marital_Status_Widowed,0.001359011004908684
Cognitive_Test_Score Country_Russia,-0.0013467876465788253
Air_Pollution_Exposure Stress_Levels,-0.001337806287103847
Social_Engagement_Level Smoking_Status_Never,0.0013262067781881282
Sleep_Quality Dietary_Habits,-0.0013188534559850096
Physical_Activity_Level Social_Engagement_Level,0.0013092178210445486
Cognitive_Test_Score Country_Norway,0.0012612950869744777
Smoking_Status_Former,-0.0012587199819693135
Income_Level Gender_Male,0.0012554294516071026
Social_Engagement_Level Marital_Status_Widowed,0.0012550775196049988
BMI Employment_Status_Retired,0.0012543780533489568
Dietary_Habits Smoking_Status_Former,-0.001246770226006457
Country_Germany,-0.001244638378726016
Income_Level Smoking_Status_Former,-0.0012428233782355049
Stress_Levels Diabetes_Yes,0.0012156791359500207
BMI Hypertension_Yes,0.0012143756155489475
Diabetes_Yes Hypertension_Yes,-0.0012065198192943048
Country_Australia Diabetes_Yes,0.0012061881634615383
Cholesterol_Level Marital_Status_Single,-0.0012048508219691734
Sleep_Quality Urban_vs_Rural_Living_Urban,-0.0012002035827252166
Sleep_Quality Country_Germany,-0.0011981123301569943
Sleep_Quality Social_Engagement_Level,0.0011937679105239623
Dietary_Habits Country_Saudi_Arabia,-0.0011866432914733936
Cholesterol_Level Hypertension_Yes,-0.0011819952776845866
Hypertension_Yes,-0.0011778849558176365
Cognitive_Test_Score Country_USA,-0.001169278814258404
Sleep_Quality Country_South_Korea,0.0011631863964445396
Country_South_Korea Marital_Status_Single,-0.0011608213881558601
Employment_Status_Unemployed Gender_Male,-0.0011549203765147328
Cholesterol_Level Employment_Status_Retired,0.0011458634600770368
Cognitive_Test_Score,-0.001141735911444546
Country_South_Korea,0.0011225159196774637
Sleep_Quality,-0.0011217428809455455
Marital_Status_Single,-0.001118049687372661
Cognitive_Test_Score Country_South_Africa,0.0011085263850719401
Cognitive_Test_Score Employment_Status_Retired,-0.0010924618299828165
Country_Saudi_Arabia Urban_vs_Rural_Living_Urban,-0.0010860134358105517
BMI Country_Germany,0.0010819495779766535
Sleep_Quality Diabetes_Yes,-0.0010751081746229515
BMI Country_Italy,0.0010553284685417778
Country_UK Diabetes_Yes,-0.0010537295902600852
Cholesterol_Level Dietary_Habits,0.001048714801101754
Marital_Status_Widowed Gender_Male,-0.0010382881546043487
Country_France Employment_Status_Retired,-0.0010375458175927493
Dietary_Habits Country_South_Korea,0.0010055619206985258
BMI Gender_Male,-0.0009995598497793189
Sleep_Quality Marital_Status_Single,-0.0009904222034240542
Social_Engagement_Level Income_Level,0.0009903721404593184
Education_Level Depression_Level,-0.0009514523600632623
Country_Australia Smoking_Status_Never,-0.0009502177242798837
BMI Dietary_Habits,-0.0009480676188820904
Country_France Smoking_Status_Never,-0.0009379484945699092
Social_Engagement_Level Country_UK,-0.0009298334725503563
Employment_Status_Retired Marital_Status_Single,0.0009180769708275518
Dietary_Habits Stress_Levels,0.0008996835610086114
Cognitive_Test_Score Cholesterol_Level,0.0008963603731611508
Physical_Activity_Level Alcohol_Consumption,-0.0008632010075873007
Education_Level Country_Russia,-0.0008371363856478665
Country_Germany Hypertension_Yes,0.0008213006530007109
Social_Engagement_Level Diabetes_Yes,-0.0007954342275627782
Alcohol_Consumption Smoking_Status_Former,-0.0007843694720866314
Depression_Level Stress_Levels,-0.0007842402658427316
Social_Engagement_Level Marital_Status_Single,-0.0007721637706612761
Marital_Status_Single Gender_Male,0.0007710029407572216
Gender_Male Urban_vs_Rural_Living_Urban,-0.0007705093430750162
Stress_Levels Country_South_Korea,0.0007554537555867554
Employment_Status_Unemployed Marital_Status_Single,0.0007535197197725893
Income_Level Country_Saudi_Arabia,-0.000752886184680595
Alcohol_Consumption Dietary_Habits,-0.0007419975853487766
Cholesterol_Level Marital_Status_Widowed,-0.0007369530098861527
Alcohol_Consumption Employment_Status_Retired,0.0007349063002888194
Income_Level Hypertension_Yes,0.0007324944912741634
Education_Level Country_Spain,0.0007318679366779827
Country_South_Korea Gender_Male,-0.0007312459230877511
Sleep_Quality Hypertension_Yes,-0.0007285080177857598
Education_Level Country_Sweden,0.0007231125234005174
Dietary_Habits Country_Spain,-0.0007160934825415603
Country_Spain Smoking_Status_Never,0.0007014791753614245
BMI Smoking_Status_Never,0.0006880173906831464
Gender_Male Diabetes_Yes,-0.0006857575481194734
Employment_Status_Unemployed,0.0006837113382241897
Education_Level BMI,0.0006824853695759316
Stress_Levels Country_Germany,-0.0006776433283495689
Smoking_Status_Former Gender_Male,-0.0006696688661146356
BMI Social_Engagement_Level,-0.0006432246561218327
Smoking_Status_Former Employment_Status_Unemployed,-0.0006425239833918491
Stress_Levels Urban_vs_Rural_Living_Urban,0.000633422916289151
Marital_Status_Widowed Urban_vs_Rural_Living_Urban,0.0006183682892465887
Country_UK Smoking_Status_Former,0.0006125912516440963
Education_Level Country_Saudi_Arabia,0.0005946076234423945
Country_South_Korea Smoking_Status_Never,0.0005922468441744327
Dietary_Habits Smoking_Status_Never,-0.0005854231737272645
Physical_Activity_Level Country_Germany,0.0005846872398656677
Physical_Activity_Level Dietary_Habits,-0.0005658467305330318
Country_UK Urban_vs_Rural_Living_Urban,-0.0005563696044704077
Cognitive_Test_Score Genetic_Risk_Factor_(APOE-ε4_allele)_Yes,0.0005445711593684814
Alcohol_Consumption Country_Germany,0.0005379510261840445
Age Cognitive_Test_Score,0.0005310517532595273
BMI Country_Japan,0.0005251362257917654
Sleep_Quality Country_Saudi_Arabia,0.0005234321088161666
Education_Level Country_Italy,0.000521004041381236
BMI Marital_Status_Widowed,-0.0005191132663762099
Employment_Status_Unemployed Hypertension_Yes,0.0005149980474782979
Age Education_Level,-0.0005024891448884893
Depression_Level,0.0004832855520991812
Physical_Activity_Level Urban_vs_Rural_Living_Urban,-0.00048298062422799263
Country_Saudi_Arabia Diabetes_Yes,-0.0004768102974150831
Sleep_Quality Smoking_Status_Former,-0.0004546777257439264
Depression_Level Employment_Status_Unemployed,0.00044156196449087154
Education_Level Smoking_Status_Never,-0.0004316864596116661
BMI Diabetes_Yes,0.00042549223094306895
Country_South_Korea Employment_Status_Unemployed,-0.00042131971333804783
Hypertension_Yes Urban_vs_Rural_Living_Urban,-0.0004178509835988547
Cholesterol_Level Gender_Male,0.0004165557514288883
BMI Physical_Activity_Level,-0.00039387664790973864
Marital_Status_Widowed,-0.0003897312470758189
Income_Level,-0.00038971707740757605
Education_Level Employment_Status_Unemployed,0.00037528609050387356
Country_Australia Marital_Status_Widowed,-0.0003741247735834893
Education_Level Country_Canada,-0.00037192730346163725
Country_Saudi_Arabia,0.0003676931652579261
Cognitive_Test_Score Country_Saudi_Arabia,0.0003619242029958802
Social_Engagement_Level Employment_Status_Unemployed,0.00034269041012631164
BMI Country_France,0.0003245823519854022
Cognitive_Test_Score Country_Sweden,0.00028542458639831933
Income_Level Marital_Status_Single,-0.0002689854099617577
Country_France Marital_Status_Single,-0.0002680592908032584
Cognitive_Test_Score Physical_Activity_Level,0.00026576442381337007
Gender_Male Hypertension_Yes,-0.0002585573657648634
Age BMI,0.0002523797583807709
Depression_Level Hypertension_Yes,0.0002516959806086464
Country_France Gender_Male,-0.0002496658482126996
Income_Level Smoking_Status_Never,0.0002367049333652574
Smoking_Status_Never Marital_Status_Widowed,0.00023600539712772666
Smoking_Status_Never Diabetes_Yes,0.00021863655855425067
Sleep_Quality Income_Level,0.0002059512135634317
BMI Alcohol_Consumption,0.0001862159533521401
Smoking_Status_Former Marital_Status_Widowed,-0.00018203012428082233
Employment_Status_Retired Diabetes_Yes,0.00017667677969127502
Country_Italy Smoking_Status_Never,-0.00017516125022808357
Depression_Level Country_UK,0.00016861036433718843
Cholesterol_Level Diabetes_Yes,0.00016537935362178244
Country_Germany Marital_Status_Single,0.00016241851966396364
Smoking_Status_Never Urban_vs_Rural_Living_Urban,0.0001592095564562091
Country_Saudi_Arabia Smoking_Status_Former,-0.00014046293274740622
Income_Level Country_South_Korea,-0.00013680487107204856
Cholesterol_Level Employment_Status_Unemployed,-0.00013624794672866558
Physical_Activity_Level Hypertension_Yes,0.0001340140943684963
Education_Level Air_Pollution_Exposure,-0.0001243499189295181
Education_Level Country_UK,0.00010713412849014595
Physical_Activity_Level Diabetes_Yes,-0.00010093125631083086
Country_Saudi_Arabia Employment_Status_Unemployed,9.533161590215079e-05
Country_Saudi_Arabia Hypertension_Yes,-9.211386399466211e-05
Cognitive_Test_Score Gender_Male,8.976806595633245e-05
BMI Cholesterol_Level,8.232816911835588e-05
Income_Level Country_Germany,-5.587758288773794e-05
Social_Engagement_Level Gender_Male,5.0126710605165796e-05
Physical_Activity_Level Air_Pollution_Exposure,-4.6034394952811145e-05
Alcohol_Consumption Hypertension_Yes,-4.1303902537470474e-05
Cognitive_Test_Score Social_Engagement_Level,-3.188501254648396e-05
Cholesterol_Level Stress_Levels,-3.000376505665835e-05
Country_France Hypertension_Yes,-2.5471575905381486e-05
Smoking_Status_Former Employment_Status_Retired,1.5019050806268062e-05
Smoking_Status_Former Diabetes_Yes,1.5014375378074392e-05
Country_Australia Country_Brazil,
Country_Australia Country_Canada,
Country_Australia Country_China,
Country_Australia Country_France,
Country_Australia Country_Germany,
Country_Australia Country_India,
Country_Australia Country_Italy,
Country_Australia Country_Japan,
Country_Australia Country_Mexico,
Country_Australia Country_Norway,
Country_Australia Country_Russia,
Country_Australia Country_Saudi_Arabia,
Country_Australia Country_South_Africa,
Country_Australia Country_South_Korea,
Country_Australia Country_Spain,
Country_Australia Country_Sweden,
Country_Australia Country_UK,
Country_Australia Country_USA,
Country_Brazil Country_Canada,
Country_Brazil Country_China,
Country_Brazil Country_France,
Country_Brazil Country_Germany,
Country_Brazil Country_India,
Country_Brazil Country_Italy,
Country_Brazil Country_Japan,
Country_Brazil Country_Mexico,
Country_Brazil Country_Norway,
Country_Brazil Country_Russia,
Country_Brazil Country_Saudi_Arabia,
Country_Brazil Country_South_Africa,
Country_Brazil Country_South_Korea,
Country_Brazil Country_Spain,
Country_Brazil Country_Sweden,
Country_Brazil Country_UK,
Country_Brazil Country_USA,
Country_Canada Country_China,
Country_Canada Country_France,
Country_Canada Country_Germany,
Country_Canada Country_India,
Country_Canada Country_Italy,
Country_Canada Country_Japan,
Country_Canada Country_Mexico,
Country_Canada Country_Norway,
Country_Canada Country_Russia,
Country_Canada Country_Saudi_Arabia,
Country_Canada Country_South_Africa,
Country_Canada Country_South_Korea,
Country_Canada Country_Spain,
Country_Canada Country_Sweden,
Country_Canada Country_UK,
Country_Canada Country_USA,
Country_China Country_France,
Country_China Country_Germany,
Country_China Country_India,
Country_China Country_Italy,
Country_China Country_Japan,
Country_China Country_Mexico,
Country_China Country_Norway,
Country_China Country_Russia,
Country_China Country_Saudi_Arabia,
Country_China Country_South_Africa,
Country_China Country_South_Korea,
Country_China Country_Spain,
Country_China Country_Sweden,
Country_China Country_UK,
Country_China Country_USA,
Country_France Country_Germany,
Country_France Country_India,
Country_France Country_Italy,
Country_France Country_Japan,
Country_France Country_Mexico,
Country_France Country_Norway,
Country_France Country_Russia,
Country_France Country_Saudi_Arabia,
Country_France Country_South_Africa,
Country_France Country_South_Korea,
Country_France Country_Spain,
Country_France Country_Sweden,
Country_France Country_UK,
Country_France Country_USA,
Country_Germany Country_India,
Country_Germany Country_Italy,
Country_Germany Country_Japan,
Country_Germany Country_Mexico,
Country_Germany Country_Norway,
Country_Germany Country_Russia,
Country_Germany Country_Saudi_Arabia,
Country_Germany Country_South_Africa,
Country_Germany Country_South_Korea,
Country_Germany Country_Spain,
Country_Germany Country_Sweden,
Country_Germany Country_UK,
Country_Germany Country_USA,
Country_India Country_Italy,
Country_India Country_Japan,
Country_India Country_Mexico,
Country_India Country_Norway,
Country_India Country_Russia,
Country_India Country_Saudi_Arabia,
Country_India Country_South_Africa,
Country_India Country_South_Korea,
Country_India Country_Spain,
Country_India Country_Sweden,
Country_India Country_UK,
Country_India Country_USA,
Country_Italy Country_Japan,
Country_Italy Country_Mexico,
Country_Italy Country_Norway,
Country_Italy Country_Russia,
Country_Italy Country_Saudi_Arabia,
Country_Italy Country_South_Africa,
Country_Italy Country_South_Korea,
Country_Italy Country_Spain,
Country_Italy Country_Sweden,
Country_Italy Country_UK,
Country_Italy Country_USA,
Country_Japan Country_Mexico,
Country_Japan Country_Norway,
Country_Japan Country_Russia,
Country_Japan Country_Saudi_Arabia,
Country_Japan Country_South_Africa,
Country_Japan Country_South_Korea,
Country_Japan Country_Spain,
Country_Japan Country_Sweden,
Country_Japan Country_UK,
Country_Japan Country_USA,
Country_Mexico Country_Norway,
Country_Mexico Country_Russia,
Country_Mexico Country_Saudi_Arabia,
Country_Mexico Country_South_Africa,
Country_Mexico Country_South_Korea,
Country_Mexico Country_Spain,
Country_Mexico Country_Sweden,
Country_Mexico Country_UK,
Country_Mexico Country_USA,
Country_Norway Country_Russia,
Country_Norway Country_Saudi_Arabia,
Country_Norway Country_South_Africa,
Country_Norway Country_South_Korea,
Country_Norway Country_Spain,
Country_Norway Country_Sweden,
Country_Norway Country_UK,
Country_Norway Country_USA,
Country_Russia Country_Saudi_Arabia,
Country_Russia Country_South_Africa,
Country_Russia Country_South_Korea,
Country_Russia Country_Spain,
Country_Russia Country_Sweden,
Country_Russia Country_UK,
Country_Russia Country_USA,
Country_Saudi_Arabia Country_South_Africa,
Country_Saudi_Arabia Country_South_Korea,
Country_Saudi_Arabia Country_Spain,
Country_Saudi_Arabia Country_Sweden,
Country_Saudi_Arabia Country_UK,
Country_Saudi_Arabia Country_USA,
Country_South_Africa Country_South_Korea,
Country_South_Africa Country_Spain,
Country_South_Africa Country_Sweden,
Country_South_Africa Country_UK,
Country_South_Africa Country_USA,
Country_South_Korea Country_Spain,
Country_South_Korea Country_Sweden,
Country_South_Korea Country_UK,
Country_South_Korea Country_USA,
Country_Spain Country_Sweden,
Country_Spain Country_UK,
Country_Spain Country_USA,
Country_Sweden Country_UK,
Country_Sweden Country_USA,
Country_UK Country_USA,
Smoking_Status_Former Smoking_Status_Never,
Employment_Status_Retired Employment_Status_Unemployed,
Marital_Status_Single Marital_Status_Widowed,
